0,1,2,high_level_substr
-2.293529,-3.3136394,-5.3641844,beta-mannan
-3.1916926,13.579752,1.773762,beta-glucan 
4.1853848,7.8198996,2.1735337,xylan
-6.9465957,7.2915764,-3.8090456,multiple_substrates
2.807427,9.642059,5.105579,multiple_substrates
-7.191438,-0.40976787,-5.938591,galactan
-0.9329808,-8.110795,-8.652368,galactan
-2.730807,4.2043905,1.9495263,fructan
-4.955869,-9.043117,-4.534573,glycosaminoglycan
-4.9462,-0.40606156,-4.8144417,xylan
4.7887683,3.467246,2.8482585,cellulose
-5.6344876,1.348496,-7.2861137,chitin
-4.1635,-0.69305724,-3.9801598,galactan
-2.185318,-3.9706328,-1.9666864,pectin
-0.23242961,-9.338308,4.1260653,mono/di/trisaccharide
-9.452292,4.172763,-1.7085329,mono/di/trisaccharide
-6.0102534,-3.0553496,-3.4275024,mono/di/trisaccharide
-2.6728423,-7.187849,2.8838859,glycosaminoglycan
-10.345065,3.5843456,-1.5767518,multiple_substrates
-2.3377998,-7.709263,2.112711,glycosaminoglycan
-2.0809958,-7.762045,2.4996133,glycosaminoglycan
-9.478984,3.4964025,-1.9789445,mono/di/trisaccharide
-8.966806,5.3386555,-2.6048725,mono/di/trisaccharide
-4.356358,-3.5391955,-6.314449,fructan
6.8133354,-5.340833,10.3625555,capsule polysaccharide
-6.2361035,-3.3335772,1.3618482,mono/di/trisaccharide
-1.336894,-10.687963,-1.0779452,algal glycans
-2.0490313,-3.8977556,-2.2022092,glycoprotein
-3.911716,-1.5233989,-6.391156,galactan
-2.412522,-5.9027147,-4.970007,beta-mannan
-2.456999,-8.854238,-8.258248,mono/di/trisaccharide
-3.4363875,-9.694525,-7.9700823,mono/di/trisaccharide
-3.3713317,-9.643751,-7.2727423,mono/di/trisaccharide
2.2360985,-8.351365,-2.288947,pectin
-9.25872,-1.421307,-7.4599543,pectin
3.494077,-1.9928907,9.260856,-
-6.836542,0.9552959,-6.29308,mono/di/trisaccharide
-5.5908437,0.14969829,-4.187632,multiple_substrates
3.4123857,9.63872,4.6102343,multiple_substrates
4.3594856,4.6679163,2.864379,cellulose
-6.8763885,7.3060975,-3.6682334,mono/di/trisaccharide
-2.2769248,-10.745151,-6.7077246,mono/di/trisaccharide
4.8923945,-0.46957332,10.104446,capsule polysaccharide
2.4331048,6.8402405,0.657055,xylan
-0.40796685,9.213686,-0.7530994,xylan
10.426745,-10.142227,9.670997,O-antigen
2.7126637,-5.245576,7.5682397,O-antigen
-4.615367,3.1578066,-1.240567,mono/di/trisaccharide
-2.0377963,-0.8830233,-3.2419252,multiple_substrates
-1.7234514,10.328211,2.8071642,multiple_substrates
-3.0496113,-5.630648,0.66453946,algal glycans
-2.060401,-8.599513,0.39791593,algal glycans
-2.9324112,-9.604709,0.12874079,algal glycans
-1.5711299,-9.92704,0.12985906,algal glycans
-2.6104999,-6.1295037,0.5981064,algal glycans
-2.1963449,-7.584174,-0.13362941,algal glycans
10.67546,-8.254677,6.315304,O-antigen
4.621578,-6.068349,4.290557,alpha-glucan
9.160246,-5.6489797,11.687498,O-antigen
6.597689,-4.1896324,10.385406,capsule polysaccharide
6.5212045,-5.163741,8.905099,capsule polysaccharide
6.6837287,-4.613476,10.590568,capsule polysaccharide
2.5642014,8.913279,2.5027606,xyloglucan
1.9016571,3.874042,1.7661493,xyloglucan
1.9880558,9.229722,1.1559542,xyloglucan
2.3071206,8.843396,2.0207107,xyloglucan
1.9880558,9.229722,1.1559542,xyloglucan
-1.2857978,-7.344424,-8.417948,mono/di/trisaccharide
4.212512,-2.1955752,9.90613,capsule polysaccharide
4.5812144,-3.6836162,8.8392315,capsule polysaccharide
4.347197,-3.4634655,9.079751,capsule polysaccharide
4.212518,-2.1955776,9.9061365,capsule polysaccharide
3.9766755,-1.5158082,10.173193,capsule polysaccharide
5.446035,-3.3449728,10.484726,capsule polysaccharide
6.1088004,-3.7596123,10.456286,capsule polysaccharide
6.315435,-8.677469,3.8540568,multiple_substrates
6.315435,-8.677469,3.8540568,multiple_substrates
-6.485605,-6.6524663,-4.308853,multiple_substrates
6.613007,-8.689388,4.6164794,multiple_substrates
6.613007,-8.689388,4.6164794,multiple_substrates
-1.7243783,-9.197807,0.7128037,pectin
-4.479976,-7.1502495,-5.69046,multiple_substrates
4.6293306,4.0459404,2.7352552,cellulose
5.041592,4.534854,1.0053651,cellulose
1.70078,9.463375,5.911935,cellulose
0.4526487,-9.522086,-1.1861894,cellulose
5.7271905,4.349744,1.8578446,cellulose
-6.74205,1.518242,-6.7579436,multiple_substrates
3.9988396,6.519823,2.8991854,cellulose
9.239095,-6.700172,7.1199865,O-antigen
-1.6119334,7.618908,4.803462,multiple_substrates
1.0231826,12.895303,3.7961915,multiple_substrates
0.784744,-0.9337311,-1.6485314,multiple_substrates
2.7338037,13.355079,3.1549,multiple_substrates
1.769988,13.958303,3.2768142,multiple_substrates
-1.6673174,7.7424088,3.8451574,multiple_substrates
-1.820031,7.681989,3.8452806,multiple_substrates
-2.126758,-1.6709373,-0.62167114,multiple_substrates
3.541237,9.099365,3.9649003,beta-mannan
-9.805412,4.210104,-0.9985512,mono/di/trisaccharide
-0.54458773,1.2559602,-0.61095905,multiple_substrates
0.32379293,-0.05083307,0.25785622,multiple_substrates
-0.8517616,-2.7973537,-1.5250968,multiple_substrates
-0.96115494,-2.655735,-1.404387,multiple_substrates
0.17724885,0.09536619,-0.22158036,multiple_substrates
0.40721396,0.92961276,3.1224208,multiple_substrates
-7.141811,-1.3683168,-6.3209667,multiple_substrates
0.4026333,-1.6457461,-2.845029,multiple_substrates
0.28681055,-1.9234078,-2.9784126,multiple_substrates
0.28676,-1.9234593,-2.9783852,multiple_substrates
-1.0710022,3.0224051,-3.8922474,mono/di/trisaccharide
0.37666336,0.90154403,3.0563128,multiple_substrates
-6.7384562,0.75916874,-6.8370395,multiple_substrates
5.194972,5.03358,1.025343,mono/di/trisaccharide
0.74449617,10.914773,6.165419,N-glycan
3.7742665,-6.0668936,1.2308631,N-glycan
-3.3365145,0.227189,0.4707451,N-glycan
4.4741874,10.830769,0.9547512,multiple_substrates
6.220319,5.0781307,0.7566284,N-glycan
4.003729,-4.8218145,-3.618213,multiple_substrates
-4.83039,-1.743899,-4.554632,mono/di/trisaccharide
-0.9040354,11.451458,4.0366683,multiple_substrates
-3.3803341,-4.3931913,-4.152509,mono/di/trisaccharide
-2.762746,-0.052989095,-6.0660477,mono/di/trisaccharide
2.3307304,10.064985,-1.5701926,beta-glucan 
-0.8242017,-11.961147,0.86356217,multiple_substrates
-2.88395,-8.438911,0.04007806,multiple_substrates
-3.911716,-1.5233989,-6.391156,hemicellulose
0.1365864,2.645916,0.44206065,beta-mannan
2.3755326,-5.1356783,7.515166,O-antigen
2.7285807,-5.5748773,6.488702,O-antigen
-1.9049519,-0.99109477,2.8874025,hemicellulose
3.4140015,-3.99237,9.177414,exopolysaccharide
-0.48431644,-5.6912503,0.09798091,pectin
-0.47325218,-5.3188505,0.30469403,pectin
-0.7867957,-5.022114,0.4151968,pectin
-1.5386139,-9.678759,-8.728378,mono/di/trisaccharide
-6.5552106,2.5912988,-7.9654036,multiple_substrates
-6.498647,-6.6531367,-6.363076,mono/di/trisaccharide
-3.0161593,-4.958315,-6.290336,mono/di/trisaccharide
-3.4363875,-9.694525,-7.9700823,mono/di/trisaccharide
-7.850318,-1.4192095,-6.581024,mono/di/trisaccharide
5.7538652,-4.009558,10.882994,exopolysaccharide
-5.4288816,-3.7445838,-4.748252,chitin
-3.2697873,-3.4514241,0.8494632,multiple_substrates
-3.8254523,2.6882248,-0.63001275,algal glycans
-2.8734734,2.9935482,-0.42992064,algal glycans
-0.7480181,10.52862,1.7265263,algal glycans
3.728222,15.399566,0.059775785,algal glycans
-2.0650668,-8.5205765,0.15607376,algal glycans
-1.832143,-9.156305,0.27426746,algal glycans
-3.3490546,-8.498933,1.020816,algal glycans
-8.153815,6.4314575,-3.029054,mono/di/trisaccharide
-9.32008,5.4302444,-2.8965929,mono/di/trisaccharide
-8.7269335,-1.39777,-6.7085752,algal glycans
0.47461596,11.104255,6.6256614,mono/di/trisaccharide
-8.153815,6.4314575,-3.029054,mono/di/trisaccharide
-9.384638,5.628888,-2.5824943,mono/di/trisaccharide
0.4747698,11.104179,6.6255984,mono/di/trisaccharide
-2.699441,6.811602,2.8181007,alpha-mannan
0.17814843,7.3830686,2.7640483,alpha-mannan
0.2432294,15.03683,2.0036771,alpha-mannan
0.48624167,8.367622,4.001321,alpha-mannan
-1.1150029,8.145441,2.9112737,beta-mannan
-0.92889434,8.902681,2.0013459,beta-mannan
-0.08071472,-3.9614239,-5.475933,alpha-glucan
-1.4391265,9.009444,0.70970124,beta-mannan
-3.1219895,3.6342294,-3.7546365,mono/di/trisaccharide
2.0556555,15.691479,-0.133369,fructan
2.5786324,10.28942,-0.70070386,beta-glucan 
4.0589194,-4.2802052,-3.775002,N-glycan
4.0825963,-3.5750031,11.836452,O-antigen
4.4382224,-9.537645,5.379386,O-antigen
5.068931,6.2975545,1.2174946,alpha-glucan
1.4585756,9.520037,4.6075125,beta-mannan
-6.0048914,-1.3284187,-7.003329,mono/di/trisaccharide
4.525994,-3.2316594,10.620871,O-antigen
-1.4391776,9.009491,0.70966065,beta-mannan
-0.008602515,1.8046691,0.49031344,beta-mannan
-1.8735001,1.6402924,-2.2623587,beta-mannan
4.0875726,-9.663763,5.2023916,O-antigen
10.413273,-10.07149,10.340488,O-antigen
10.861198,-9.804041,9.809188,O-antigen
10.67546,-8.254677,6.315304,O-antigen
-9.233671,3.5795,-2.3159986,mono/di/trisaccharide
-6.376477,0.76576436,-5.678925,beta-glucan 
4.1575375,-5.151233,8.511526,O-antigen
1.6055927,2.1384044,1.7095433,pectin
1.5870118,2.9007742,-1.8245641,pectin
0.38826057,-7.6063848,-0.5895267,pectin
-0.25556064,3.2715576,2.4664526,pectin
-1.8104858,3.1625502,3.031939,pectin
1.102152,10.493712,5.613865,N-glycan
-10.632095,4.6609645,-3.4817834,mono/di/trisaccharide
-1.3121579,-8.080514,3.7570434,human milk oligosaccharide
-5.9227853,-4.6612754,-7.3010273,mono/di/trisaccharide
9.272841,-6.6230206,11.259814,O-antigen
-1.1406292,-10.827039,0.306285,algal glycans
10.516201,-9.489417,10.365588,O-antigen
9.160246,-5.6489797,11.687498,O-antigen
4.0875726,-9.663763,5.2023916,O-antigen
1.194514,13.441842,2.7514513,exopolysaccharide
5.9985943,17.333261,1.6991706,exopolysaccharide
2.8541925,13.429628,0.09865236,exopolysaccharide
1.0610567,15.749044,3.0441203,glycoprotein
-9.066888,2.4284382,-0.47625414,N-glycan
5.3141212,1.6414768,0.60181034,chitin
-6.1564846,-3.0760329,-7.598263,galactan
-2.6576374,-7.301211,2.635265,N-glycan
0.9052818,10.587467,4.9698677,N-glycan
-5.1348605,-5.9168296,-5.385607,galactan
-0.46360046,-9.170526,-8.703003,galactan
-4.6600437,-5.427614,-6.386726,galactan
-0.09873827,13.467878,-0.8409028,xyloglucan
-6.306446,-7.4842415,-4.7993865,algal glycans
-5.505204,-3.9034839,-7.9308057,multiple_substrates
0.9153206,1.2591039,-1.6936682,multiple_substrates
-4.6129513,9.3274145,0.87615997,multiple_substrates
1.5588293,12.602998,0.103297725,algal glycans
0.5667988,14.226234,-1.2288959,cellulose
3.1227665,14.15192,2.0269337,cellulose
2.433581,13.8836565,0.6873501,N-glycan
4.997952,4.8089323,0.9922144,cellulose
0.16014136,9.583057,2.1859055,algal glycans
5.2090955,-2.878612,9.222215,exopolysaccharide
-3.7004123,2.9064138,-4.0583825,xylan
1.6311938,8.011675,-1.1686221,galactan
-5.1626434,1.8453149,-5.7858872,-
-6.2781196,-4.5908523,-6.3283243,alpha-glucan
-3.1227355,13.539522,1.7778308,mono/di/trisaccharide
-7.456117,2.0924778,-8.445964,mono/di/trisaccharide
-7.027674,-1.2119678,-4.6204085,mono/di/trisaccharide
4.3468404,11.640449,0.4300901,algal glycans
-1.2635254,-11.302078,0.5254663,algal glycans
2.8976004,2.6658611,-3.0024934,alpha-glucan
-3.5413716,-8.308576,-0.64425945,exopolysaccharide
-10.615287,4.295788,-1.927743,beta-mannan
0.5003313,2.7812817,0.45468253,cellulose
-0.024310317,13.305528,0.69957876,cellulose
2.3699675,7.720402,-1.970094,cellulose
0.13378352,12.952636,0.6293587,cellulose
0.45577183,9.097765,-2.1140175,cellulose
3.4009697,15.08627,2.484948,mono/di/trisaccharide
-9.098096,2.557774,-0.55891174,mono/di/trisaccharide
-4.664965,1.5871297,-4.3678784,mono/di/trisaccharide
5.499952,-1.1534206,9.655339,capsule polysaccharide
3.7971911,-0.41786247,10.192051,capsule polysaccharide
-1.8474076,-4.245194,-0.7491043,pectin
4.3248506,-4.290831,6.9918976,capsule polysaccharide
-1.0113131,-8.546584,-0.80735385,host glycan
-0.3490333,0.1817821,1.3254734,multiple_substrates
8.091241,-8.4546,8.351784,capsule polysaccharide
4.954124,-2.1990118,8.188826,capsule polysaccharide
-0.07673695,-7.957496,3.8048234,capsule polysaccharide
6.0781364,-1.3775455,9.07139,capsule polysaccharide
6.143491,-9.038064,6.8279696,capsule polysaccharide
8.430416,-6.962741,10.809181,capsule polysaccharide
3.0683818,-5.6864724,5.94138,exopolysaccharide
10.67546,-8.254677,6.315304,capsule polysaccharide
9.011362,-7.6741214,8.599792,capsule polysaccharide
2.92677,0.5869861,2.0379665,multiple_substrates
2.3212187,8.246741,-3.5533264,multiple_substrates
-3.0504224,2.868286,-0.49926332,algal glycans
-1.2119515,-5.2544765,-6.7208495,multiple_substrates
-5.660316,-0.21060926,-5.167225,mono/di/trisaccharide
2.6854277,-3.2807348,0.5322038,alpha-glucan
-7.8865747,-1.3884611,-6.6340466,alpha-glucan
-2.4575982,-4.3879623,-2.5393827,chitin
4.315242,-2.425072,7.600244,multiple_substrates
-0.8024711,0.3836331,-2.3942285,mono/di/trisaccharide
-1.4073116,-9.703739,-8.430974,galactan
-6.7325807,-5.2549286,-7.756699,galactan
-2.8624253,-4.9064903,-6.1436205,multiple_substrates
-7.1864142,-4.491771,-6.401906,alpha-glucan
-6.211708,-0.28992406,-4.297251,multiple_substrates
-2.5243835,-8.762503,-7.594476,fructan
-5.611219,-5.8480077,-6.9990997,fructan
-5.611219,-5.8480077,-6.9990997,fructan
7.160509,-5.739597,9.628993,capsule polysaccharide
6.0816298,-6.884627,7.4329047,multiple_substrates
-6.79905,-4.221668,-7.386542,galactan
-5.6584496,-4.336046,-7.654591,galactan
-1.5386139,-9.678759,-8.728378,galactan
-6.73255,-5.255033,-7.75669,galactan
5.270689,-5.058496,8.894181,O-antigen
-10.829232,2.1148288,-2.4757993,-
10.68362,-9.376681,9.963343,multiple_substrates
2.1233137,6.48933,-0.02352859,xylan
8.28347,-6.0388317,6.9645967,O-antigen
-4.35469,-2.8894823,0.5048957,mono/di/trisaccharide
2.0027368,-1.8117692,-1.2183136,chitin
-4.7094574,-2.7061656,-7.5668464,xylan
-1.4375687,6.61119,-1.3674558,galactan
-1.6119926,1.6224673,-2.9953694,galactan
-3.8882673,-6.335982,-5.8178225,galactan
-5.1384444,-6.4642987,-5.57623,galactan
-3.6160727,-6.1611466,-5.939204,human milk oligosaccharide
-3.4025583,-2.641534,-6.700446,xylan
9.754765,-9.65421,10.2540455,O-antigen
1.4485065,2.7977972,-1.5663245,galactan
-6.074069,-5.720096,-3.0595949,chitin
1.4201525,10.239913,-1.6888279,galactan
0.41269493,-6.9626956,-0.73039687,pectin
1.4178476,10.226949,-1.1952751,galactan
-0.70199656,-1.7406812,0.047558647,chitin
3.3126273,14.147835,0.53743786,beta-glucan 
-4.705144,1.4688655,-6.438371,galactan
-2.3892822,-0.9537781,3.7904487,algal glycans
6.7437897,-3.3345516,12.417586,cellulose
1.9961909,10.2794895,5.348209,mono/di/trisaccharide
-0.898441,-12.041903,0.014518834,algal glycans
10.040474,-10.042224,9.767282,multiple_substrates
2.2723746,15.672522,-1.1812568,multiple_substrates
1.0425798,4.2410564,2.1784449,multiple_substrates
-3.1916926,13.579752,1.773762,multiple_substrates
3.7208776,-6.0775895,1.2154287,algal glycans
2.954012,-2.335924,0.41668788,algal glycans
2.765978,-3.3359356,2.1060388,-
-10.213823,4.6587768,-2.1802206,mono/di/trisaccharide
2.7548976,-3.5316355,2.2654152,-
-5.740745,-2.2279425,-7.8982067,galactan
4.785237,-2.3583434,7.885188,capsule polysaccharide
0.5275756,13.651371,-2.0778146,beta-glucan 
1.7175777,-3.8605747,-2.250202,beta-glucan 
-9.101541,-0.42208564,-7.1209636,alpha-glucan
0.055254787,12.514265,1.0753226,xylan
2.5539136,2.824742,-1.7204096,xylan
-0.48431644,-5.6912503,0.09798091,pectin
-10.843822,2.066105,-2.5157695,mono/di/trisaccharide
0.31412637,3.3794146,0.7014681,multiple_substrates
-1.292264,3.646472,-1.5719612,multiple_substrates
2.140979,-0.10652431,0.4217151,multiple_substrates
0.25320134,-0.8575108,-0.522967,multiple_substrates
-1.8725712,0.7411051,-1.8950158,multiple_substrates
-1.5434413,0.20732147,-1.877387,multiple_substrates
-0.35174888,-0.92876136,-0.8549164,multiple_substrates
-0.8314504,4.121773,-0.6558731,multiple_substrates
1.8112783,-8.27376,0.91133916,multiple_substrates
-4.4359126,-4.3682117,-4.694024,multiple_substrates
2.8022401,3.0448186,1.8563896,xylan
-4.90233,-5.339771,-4.5547023,multiple_substrates
-2.689707,-1.9027901,0.66432065,chitin
1.0539544,4.260673,0.12802711,xylan
0.0030599309,9.004575,-0.7643006,xylan
-0.8317993,-2.635172,-2.244972,-
0.6660083,10.995796,5.297131,mono/di/trisaccharide
-4.652783,3.2853894,-1.2597147,mono/di/trisaccharide
6.44008,-8.297611,7.256106,capsule polysaccharide
-2.456999,-8.854238,-8.258248,mono/di/trisaccharide
4.847329,-4.541567,-2.7891972,multiple_substrates
4.7093496,-1.3481351,-3.1177585,multiple_substrates
1.8360023,7.5546765,-0.27681205,multiple_substrates
2.406878,8.05668,-2.406609,multiple_substrates
3.4772563,-5.0237174,-3.5903535,multiple_substrates
-2.68784,-1.8159809,3.5144684,multiple_substrates
3.911017,7.9442115,2.455813,multiple_substrates
1.6421888,6.876885,3.4581258,multiple_substrates
2.4433053,14.196777,2.3585997,multiple_substrates
-6.9266305,1.8074322,-7.693766,multiple_substrates
-2.7150867,-10.263125,-8.177237,mono/di/trisaccharide
0.663421,-8.930081,-1.3193476,pectin
-3.0392306,10.117899,-0.1769544,xylan
-0.629957,-2.653287,-5.9283886,alpha-glucan
-1.9972162,-7.766015,3.939563,multiple_substrates
-6.5549088,1.8267976,-8.557927,galactan
-6.0100565,-2.9776208,-3.2537742,human milk oligosaccharide
-2.3824747,-7.477946,3.1778092,multiple_substrates
-6.8510423,7.1865954,-3.771934,mono/di/trisaccharide
-8.046173,1.3624502,-8.065207,alpha-glucan
-6.8510423,7.1865954,-3.771934,mono/di/trisaccharide
-3.3318021,-8.95088,-4.1722703,mono/di/trisaccharide
-2.6052513,-9.393856,-7.6987743,mono/di/trisaccharide
0.8202404,6.390636,3.0885217,alpha-mannan
3.1589673,8.866173,-3.3351858,multiple_substrates
-3.2486348,-3.3480053,0.8957696,glycosaminoglycan
0.4862416,8.367622,4.0013204,alpha-mannan
0.042394474,14.754697,1.9213139,alpha-mannan
4.824387,-1.0912116,-3.1233857,multiple_substrates
-11.192463,3.2237046,-1.0578066,chitin
2.8128624,-3.9506726,-2.7667906,multiple_substrates
4.9138484,-4.702837,-2.803619,multiple_substrates
-2.4147556,-3.2761202,0.8155118,glycosaminoglycan
4.5384603,4.209095,2.7709794,cellulose
5.1623983,5.017646,0.9807821,hemicellulose
-0.25088432,-10.551662,2.3266819,glycosaminoglycan
5.933335,-9.066878,6.606802,O-antigen
10.626813,-8.852153,7.4410567,O-antigen
-7.3669024,-0.7227915,-6.218197,xylan
2.762999,-3.3261085,2.0961957,multiple_substrates
-2.9671788,0.021926958,-0.3188106,xylan
-1.7683392,1.8742561,2.2356117,galactan
-4.0824323,-8.4599695,-4.9697156,multiple_substrates
-5.0834875,0.35317492,-5.6236506,multiple_substrates
-0.61803466,-8.59063,3.5000434,glycosaminoglycan
4.9225664,16.879354,1.1717563,glycosaminoglycan
1.0610567,15.749044,3.0441203,glycosaminoglycan
-0.78835624,-8.120241,-8.811205,galactan
-1.6057605,-9.494687,0.08084392,algal glycans
-0.99302155,-1.8740495,-6.188027,algal glycans
-1.0546329,2.9751732,-3.8830173,multiple_substrates
-0.41573903,-2.4083812,-6.059079,algal glycans
-0.47813886,-5.7265034,0.43645668,pectin
-0.68316317,-10.277773,-0.42929968,pectin
-2.5725605,-2.4567745,-5.689299,beta-glucan 
-9.1191845,5.278706,-2.9067097,mono/di/trisaccharide
-3.1584384,9.949722,0.40976202,beta-mannan
-8.301398,-0.44265077,-4.798361,-
-4.8855658,2.335565,-0.6245911,mono/di/trisaccharide
-1.864096,12.342365,2.0074492,xylan
-3.8666053,10.096316,-0.67958146,pectin
-8.3509445,0.11981577,-5.8211875,mono/di/trisaccharide
-4.5225873,-2.2311482,-3.7365444,xylan
2.2345798,14.286054,3.1710067,multiple_substrates
-4.4197288,-2.9803102,4.434613,plant polysaccharide
-4.465268,-3.0362616,4.4438033,plant polysaccharide
2.229779,-8.362581,-2.28538,plant polysaccharide
-0.21016788,4.5404215,0.09871151,plant polysaccharide
3.591772,14.352076,0.8910394,plant polysaccharide
2.7216747,13.529025,0.2868169,alpha-glucan
4.0787897,15.945773,0.77455926,host glycan
5.148118,13.666721,1.3795757,mono/di/trisaccharide
3.109029,14.743015,0.76414937,host glycan
-2.6962488,4.2280087,1.9918374,multiple_substrates
4.6863003,-1.1331158,-3.174492,multiple_substrates
3.6321316,14.559064,1.0406597,plant polysaccharide
0.24113767,-8.395564,2.8927093,exopolysaccharide
4.2343597,-5.1606827,6.8815036,multiple_substrates
8.615123,-6.334302,6.927661,multiple_substrates
3.236285,-10.030766,4.7414618,O-antigen
9.518415,-6.713909,9.798446,O-antigen
6.0687838,-6.4995112,10.355643,O-antigen
2.2142165,-2.6957257,2.598641,-
3.4361775,-3.8326871,-2.9457843,mono/di/trisaccharide
-0.47229427,-4.1379075,-5.2301135,beta-mannan
2.1839018,8.028158,-3.5261376,beta-mannan
-3.146778,-0.55238724,0.58209693,multiple_substrates
3.543806,-4.444842,-4.440854,multiple_substrates
0.97383714,10.09541,-3.291785,multiple_substrates
4.069446,-3.4322572,-2.813076,multiple_substrates
4.3127775,-3.4667623,-2.5480049,multiple_substrates
-0.06406608,-8.286137,1.2541517,multiple_substrates
1.2667433,14.863183,-0.54166275,multiple_substrates
-6.600371,-7.2771716,-5.3623686,algal glycans
3.3206925,-5.9979024,8.010066,O-antigen
7.6836925,-4.893678,8.818195,O-antigen
3.247155,-10.023923,4.740937,O-antigen
8.989322,-6.8598166,8.047055,O-antigen
5.8937,-9.270719,7.1520033,O-antigen
3.701628,-1.7803235,11.574609,O-antigen
5.9697657,-2.7801232,10.189398,O-antigen
3.7016015,-1.7803912,11.574533,O-antigen
2.5710237,-3.418405,0.5130936,-
-3.4364429,-9.694378,-7.970027,mono/di/trisaccharide
0.4015612,8.562613,-2.2431946,xylan
-3.6954696,3.8364196,-7.5022006,xylan
-2.5543597,2.4592702,-0.5363391,algal glycans
-3.6257377,0.60094124,-2.5869012,algal glycans
1.2749885,-0.49612442,-0.24896173,multiple_substrates
7.949552,-5.298858,7.885175,O-antigen
10.37402,-9.344196,8.854804,O-antigen
-0.2140427,-5.584742,-1.0104142,host glycan
0.4155694,11.80259,4.491756,host glycan
4.0584044,-4.2805886,-3.7744563,glycoprotein
-7.6563373,1.4507997,-8.704141,galactan
-0.34552205,9.375016,2.455313,host glycan
-1.9576784,-1.7263336,1.8801858,host glycan
5.9985943,17.333261,1.6991706,alpha-glucan
3.0764735,-4.9697113,-4.0824504,glycoprotein
-0.9934784,9.404225,4.181775,glycoprotein
-0.035137348,4.797098,1.3003333,glycoprotein
4.138564,-2.440134,-3.0424244,multiple_substrates
3.0551517,10.409346,1.296005,multiple_substrates
-6.874032,-6.068177,-5.992348,multiple_substrates
2.641034,3.2263045,0.36579293,multiple_substrates
4.57222,11.924949,0.24391682,beta-glucan 
-2.851602,6.644255,2.7894099,multiple_substrates
0.27913946,9.9093275,4.542714,pectin
-0.6846321,9.337879,-0.3758315,hemicellulose
2.064662,10.149689,0.19645411,hemicellulose
2.090716,1.6116604,1.3665726,pectin
0.6657594,10.334646,2.3867216,pectin
3.1131358,1.8501624,-0.9597965,pectin
2.9847736,12.251682,0.32414824,alpha-glucan
-5.1211977,1.5029421,-5.098124,mono/di/trisaccharide
-2.6127164,-1.9002031,0.7557564,chitin
-0.89306736,8.585841,2.0182636,beta-mannan
0.356594,-9.258471,4.1599345,capsule polysaccharide
4.013003,-4.688144,8.2072115,capsule polysaccharide
5.9946933,-1.0035055,9.02484,capsule polysaccharide
4.2275195,-4.484722,8.805749,capsule polysaccharide
7.192976,-7.9757867,8.258538,capsule polysaccharide
5.0129576,-5.2602224,7.8920875,capsule polysaccharide
8.406218,-8.027972,9.963553,capsule polysaccharide
7.1516123,-8.410554,9.487789,capsule polysaccharide
5.3169427,1.6511326,0.59253603,chitin
8.620031,-7.4895597,7.649393,capsule polysaccharide
9.4057045,-8.435443,9.785941,capsule polysaccharide
10.129034,-8.759654,6.8917723,O-glycan
7.5916505,-4.946812,9.808852,capsule polysaccharide
8.311892,-7.206766,9.212298,capsule polysaccharide
7.9525075,-7.918704,6.6882343,capsule polysaccharide
7.3469286,-6.799267,10.185224,capsule polysaccharide
9.49479,-7.617827,8.070263,capsule polysaccharide
8.006254,-5.8992195,10.562937,capsule polysaccharide
-3.7788217,-5.9694886,0.984342,capsule polysaccharide
-6.293165,-5.010309,-8.335619,multiple_substrates
7.0280404,-8.750621,8.090009,capsule polysaccharide
8.27544,-8.87529,8.019106,capsule polysaccharide
9.056599,-7.360141,10.280341,capsule polysaccharide
10.129034,-8.759654,6.8917723,O-glycan
7.6012483,-7.3772345,10.6851225,capsule polysaccharide
8.311892,-7.206766,9.212298,capsule polysaccharide
5.9946933,-1.0035055,9.02484,capsule polysaccharide
7.7389464,-5.511692,8.615498,capsule polysaccharide
8.119528,-6.404343,10.561337,capsule polysaccharide
7.568863,-8.197042,7.1127286,capsule polysaccharide
-5.263155,-5.1414714,-7.39522,mono/di/trisaccharide
-3.64559,3.8590567,-7.4827876,multiple_substrates
4.437417,-5.216551,8.371659,capsule polysaccharide
7.6844606,-8.444332,9.2208395,capsule polysaccharide
9.247162,-7.8363843,7.215771,capsule polysaccharide
9.328756,-8.303928,9.2594595,capsule polysaccharide
10.437977,-8.329737,7.347851,O-glycan
0.52792674,13.6514015,-2.0780985,beta-glucan 
2.1930797,8.315857,1.5734634,xyloglucan
2.5788276,10.289462,-0.7004923,beta-glucan 
0.45433623,-7.179198,-0.68465227,pectin
1.7459626,1.6805387,0.7121564,pectin
-8.8607645,4.2818594,-1.5340595,mono/di/trisaccharide
1.392162,2.5142775,-1.6389936,multiple_substrates
2.968399,8.692235,-2.934512,multiple_substrates
1.3706288,12.588848,0.34001532,pectin
2.9353724,8.795401,-3.3161001,galactan
1.3429823,9.770928,-3.5284529,multiple_substrates
3.0656462,9.168557,0.14969842,beta-glucan 
0.5445693,2.7540574,0.49559587,multiple_substrates
-0.16110387,3.4621491,2.5987852,multiple_substrates
0.5430285,13.594182,-0.49063376,alpha-glucan
-2.5970848,-3.1002786,1.8309892,multiple_substrates
-3.5059931,-1.6825824,-3.1713028,xylan
1.9500861,10.864964,2.2395766,multiple_substrates
-5.7033267,-2.7606704,1.0843477,mono/di/trisaccharide
2.163803,4.940911,0.26363817,galactan
1.2575742,8.751191,0.29808488,multiple_substrates
-1.2595243,9.473214,1.4008768,mono/di/trisaccharide
5.002815,-1.2599485,-3.0320396,mono/di/trisaccharide
2.193559,8.222855,-3.6763237,pectin
0.7922958,-6.957789,-0.905512,glycosaminoglycan
0.6726493,13.980491,-1.0983092,multiple_substrates
-1.2983153,-2.2773027,1.8980876,galactan
3.097182,7.0280128,1.365972,xylan
3.0820775,12.700522,0.3901248,alpha-glucan
0.5017824,4.5232005,2.3968306,N-glycan
4.0590243,-4.280129,-3.7750895,N-glycan
0.4461457,7.340435,3.0616567,alpha-mannan
1.6893282,2.1991253,0.8221708,pectin
1.4841194,7.7096124,1.0216382,pectin
1.8773711,2.5073879,-0.38325158,galactan
-3.3789613,9.8403635,0.8866311,mono/di/trisaccharide
1.4841582,7.709651,1.0216637,multiple_substrates
0.77156395,10.00114,0.9480005,galactan
2.0534067,-0.29427758,0.8010715,pectin
-1.4391338,9.009525,0.70972526,multiple_substrates
1.4178482,10.226944,-1.1952333,pectin
5.3141212,1.6414768,0.60181034,chitin
-3.3769665,-9.721755,-4.5872893,mono/di/trisaccharide
-3.7458467,9.621063,0.9145767,fructan
-6.8763885,7.3060975,-3.6682334,mono/di/trisaccharide
-9.805486,4.210054,-0.9985186,chitin
-4.119178,-5.839088,-0.0040220697,algal glycans
-7.1657395,-2.7005475,-8.026081,multiple_substrates
-3.3396428,7.188843,-1.1444443,multiple_substrates
-5.3133426,-2.0789652,-7.7133265,mono/di/trisaccharide
-7.7573447,1.4168615,-8.664848,multiple_substrates
-5.692659,1.2737143,-7.2777934,multiple_substrates
-7.1657395,-2.7005475,-8.026081,alpha-glucan
0.040869825,-10.552365,2.4453697,glycosaminoglycan
1.4904649,-10.858702,2.90521,glycosaminoglycan
1.2846365,2.1026826,3.801244,fructan
-8.153827,6.431516,-3.0289748,mono/di/trisaccharide
-2.257678,-7.83104,4.678937,mono/di/trisaccharide
-4.6546173,-3.5838861,-6.903614,mono/di/trisaccharide
-9.233708,3.5795057,-2.3160257,mono/di/trisaccharide
1.6032027,13.833241,4.7200313,chitin
-5.2919607,-2.7346587,0.76136273,multiple_substrates
-7.319502,2.160549,-8.580899,chitin
-1.3566417,-10.45867,-6.7576756,alpha-glucan
-9.033519,-0.62603325,-7.301938,multiple_substrates
1.4902368,-10.85806,2.907059,glycosaminoglycan
-5.1626434,1.8453149,-5.7858872,xylan
-7.889292,-0.45981023,-7.0037646,multiple_substrates
-3.428583,1.3044853,-4.680479,xylan
1.1858016,-9.099166,0.8513921,alpha-glucan
-6.93072,-2.1018667,-4.522601,alpha-glucan
-6.293081,-5.0103383,-8.33555,multiple_substrates
1.7989509,8.438144,5.957632,mono/di/trisaccharide
-5.9466343,-3.0153167,-3.793092,xylan
-4.326095,1.0375534,-4.1348395,beta-mannan
1.094933,-3.9139104,0.28955713,pectin
-3.793506,-1.1304082,-3.440931,xylan
-9.204749,5.5876007,-2.4114225,beta-mannan
-1.5103849,-7.1877565,-8.15038,beta-mannan
4.5547237,-6.0217323,4.2536826,alpha-glucan
-1.4073116,-9.703739,-8.430974,galactan
0.6656978,10.026384,1.4126124,algal glycans
-6.3640337,1.5678682,-5.4081693,human milk oligosaccharide
-4.1162915,0.7357048,-3.9264822,human milk oligosaccharide
3.675141,-2.7872612,-2.642042,xylan
2.855032,2.7267458,-2.8908827,alpha-glucan
-0.66883177,-3.7541447,-5.169973,alpha-glucan
-3.2526996,-1.6033278,1.2035129,multiple_substrates
-3.5391357,-0.42021692,4.3447323,pectin
3.4040005,15.352097,3.0901406,pectin
-3.4540076,-0.4379605,4.32846,pectin
-0.6587331,10.682632,-0.27839458,xylan
-2.6011503,2.1511726,3.4920447,pectin
1.2170513,14.786687,-2.0268192,xylan
1.980416,15.7118845,0.078836076,xylan
1.8675436,7.6168985,2.1573837,pectin
-2.1160696,2.9259465,3.1681752,xylan
4.213834,16.36425,1.0178547,pectin
2.981797,15.57451,0.55695075,xylan
2.6476548,6.3583307,0.79684347,xylan
-3.269215,7.1738095,-1.1563312,galactan
5.057772,-0.98307765,10.776623,capsule polysaccharide
5.992111,-2.178623,10.777978,capsule polysaccharide
5.0577717,-0.98307747,10.776623,capsule polysaccharide
-0.81102926,11.09044,-0.55913544,xylan
-5.879832,-6.229609,-3.117213,algal glycans
-3.608667,-9.65336,-4.7568865,multiple_substrates
-3.608667,-9.65336,-4.7568865,multiple_substrates
-4.082355,-8.459917,-4.9696755,multiple_substrates
2.2319555,4.381621,3.7110996,multiple_substrates
-8.4802065,2.0007288,-6.8818707,multiple_substrates
-4.4478035,-7.13408,-5.700804,multiple_substrates
-3.376867,-9.721802,-4.587277,multiple_substrates
-1.3139412,-7.2328634,-8.385977,multiple_substrates
-3.8693168,-2.808899,-2.9991603,multiple_substrates
-0.7283156,-11.345907,1.4664522,multiple_substrates
-1.9009972,-4.7302303,-5.055094,multiple_substrates
3.0612297,-0.2191596,2.256046,xylan
3.2399442,-0.64841384,2.4513342,xylan
2.1713452,4.744443,0.11889225,xylan
4.5397563,10.846327,0.9459311,beta-glucan 
3.1120658,4.9581447,4.707987,mono/di/trisaccharide
1.7189512,3.5909379,0.0451888,xylan
4.5389338,-0.76910365,10.906966,capsule polysaccharide
-3.6210744,-6.4401503,-5.676863,galactan
1.4218838,-1.1656693,-0.59769005,algal glycans
-3.5681,0.47940555,-2.5803728,algal glycans
-2.5652385,-3.5415604,-5.393359,algal glycans
-0.9677345,-8.173841,0.5782699,algal glycans
-1.8394221,-11.298223,0.5850457,algal glycans
8.395084,-3.9993541,10.181336,exopolysaccharide
